{
    "authenticationMethod": "route",
    "routes": [
      {
        "source": "^/manager/(.*)$",
        "target": "/manager/$1",
        "destination": "srv-binding",
        "authenticationType": "xsuaa",
        "csrfProtection": false
      },
      {
        "source": "^(.*)",
        "target": "$1",   
        "service": "html5-apps-repo-rt",
        "authenticationType": "xsuaa",
        "scope":{
            "GET":["$XSAPPNAME.sdcpmtool_managers"],
            "POST":["$XSAPPNAME.sdcpmtool_managers"],
            "PATCH":["$XSAPPNAME.sdcpmtool_managers"],
            "PUT":["$XSAPPNAME.sdcpmtool_managers"],
            "DELETE":["$XSAPPNAME.sdcpmtool_managers"],
            "default":["$XSAPPNAME.sdcpmtool_managers"]
        }
      }
    ]
  }