{
    "scopes": [
        {
            "name": "$XSAPPNAME.sdcpmtool_dss_admin",
            "description": "admin"
        },
        {
            "name": "$XSAPPNAME.sdcpmtool_managers",
            "description": "Managers"
        },
        {
            "name": "uaa.user",
            "description": "UAA"
        }      
    ],
    "role-templates": [
        {
            "name": "Token_Exchange",
            "description": "UAA Token Exchange",
            "scope-references": [
                "uaa.user"
            ]
        },
        {
            "name": "sdcpmtool_dss_admin",
            "scope-references": [
                "$XSAPPNAME.sdcpmtool_dss_admin"                
            ],
            "description": "generated"
        },
        {
            "name": "sdcpmtool_managers",
            "scope-references": [
                "$XSAPPNAME.sdcpmtool_managers"                
            ],
            "description": "generated"
        }
    ]
}