{
    "authenticationMethod": "route",
    "routes": [
      {
        "source": "^/project/(.*)$",
        "target": "/project/$1",
        "destination": "srv-binding",
        "authenticationType": "xsuaa",
        "csrfProtection": false
      },
      {
        "source": "^(.*)",
        "target": "$1",   
        "service": "html5-apps-repo-rt",
        "authenticationType": "xsuaa",
        "scope":{
            "GET":["$XSAPPNAME.sdcpmtool_dss_admin"],
            "POST":["$XSAPPNAME.sdcpmtool_dss_admin"],
            "PATCH":["$XSAPPNAME.sdcpmtool_dss_admin"],
            "PUT":["$XSAPPNAME.sdcpmtool_dss_admin"],
            "DELETE":["$XSAPPNAME.sdcpmtool_dss_admin"],
            "default":["$XSAPPNAME.sdcpmtool_dss_admin"]
        }
      }
    ]
  }